onset	duration	sample	trial_type	response_time	stim_file	value
11.8665000000	0.0000000000	23733	Block Start	n/a	n/a	2
610.8635000000	0.0000000000	1221727	Block Start	n/a	n/a	2
611.8720000000	0.0000000000	1223744	Stimulation Start	n/a	n/a	16
647.0810000000	0.0000000000	1294162	Stimulation Stop	n/a	n/a	32
761.9165000000	0.0000000000	1523833	Stimulation Start	n/a	n/a	16
796.9390000000	0.0000000000	1593878	Stimulation Stop	n/a	n/a	32
911.8805000000	0.0000000000	1823761	Stimulation Start	n/a	n/a	16
946.9405000000	0.0000000000	1893881	Stimulation Stop	n/a	n/a	32
1061.8730000000	0.0000000000	2123746	Stimulation Start	n/a	n/a	16
1096.9500000000	0.0000000000	2193900	Stimulation Stop	n/a	n/a	32
1209.8455000000	0.0000000000	2419691	Block Start	n/a	n/a	2
1808.8730000000	0.0000000000	3617746	Block Start	n/a	n/a	2
1811.8315000000	0.0000000000	3623663	Stimulation Start	n/a	n/a	16
1847.1395000000	0.0000000000	3694279	Stimulation Stop	n/a	n/a	32
1961.8990000000	0.0000000000	3923798	Stimulation Start	n/a	n/a	16
1997.0010000000	0.0000000000	3994002	Stimulation Stop	n/a	n/a	32
2111.8680000000	0.0000000000	4223736	Stimulation Start	n/a	n/a	16
2146.9725000000	0.0000000000	4293945	Stimulation Stop	n/a	n/a	32
2261.8475000000	0.0000000000	4523695	Stimulation Start	n/a	n/a	16
2296.9225000000	0.0000000000	4593845	Stimulation Stop	n/a	n/a	32
2407.8725000000	0.0000000000	4815745	Block Start	n/a	n/a	2
3007.0265000000	0.0000000000	6014053	Block Start	n/a	n/a	2
3011.9745000000	0.0000000000	6023949	Stimulation Start	n/a	n/a	16
3047.0360000000	0.0000000000	6094072	Stimulation Stop	n/a	n/a	32
3162.0375000000	0.0000000000	6324075	Stimulation Start	n/a	n/a	16
3197.0970000000	0.0000000000	6394194	Stimulation Stop	n/a	n/a	32
3312.1490000000	0.0000000000	6624298	Stimulation Start	n/a	n/a	16
3347.1170000000	0.0000000000	6694234	Stimulation Stop	n/a	n/a	32
3462.1690000000	0.0000000000	6924338	Stimulation Start	n/a	n/a	16
3497.0635000000	0.0000000000	6994127	Stimulation Stop	n/a	n/a	32
3606.0230000000	0.0000000000	7212046	Block Start	n/a	n/a	2
4205.0005000000	0.0000000000	8410001	Block Start	n/a	n/a	2
4219.1970000000	0.0000000000	8438394	Stimulation Stop	n/a	n/a	32
0.0000000000	0.0000000000	0	STATUS	n/a	n/a	0, Impedance
4225.1490000000	0.0000000000	8450298	STATUS	n/a	n/a	0, Impedance
